"","show","season1","season2","average vote","airdate_1","airdate_2","days_between","episodes","English","Runtime","Certificate","Genre"
"1","1000 Ways to Die",6.16666666666667,6.46666666666667,40.75,2008-05-14,2009-12-05,570,12,"TRUE",23,"TV-14","Documentary Comedy Horror"
"2","21 Jump Street",7.44166666666667,7.49090909090909,198.166666666667,1987-04-12,1987-09-20,161,12,"TRUE",60,"TV-14","Crime Drama Mystery"
"3","30 for 30",6.73666666666667,6.73,1109.3,2009-10-06,2012-10-02,1092,30,"TRUE",60,"TV-G","Documentary Biography History Sport"
"4","A Black Lady Sketch Show",6.68333333333333,5.8,129.666666666667,2019-08-02,2021-04-23,630,6,"TRUE",30,"TV-MA","Comedy"
"5","A Haunting",7.7,7.98,85.6666666666667,2005-12-09,2006-03-17,98,6,"TRUE",60,"TV-PG","Documentary Horror Mystery Thriller"
"6","A Million Little Things",8.65294117647059,8.4421052631579,329.647058823529,2018-09-26,2019-09-26,365,17,"TRUE",43,"TV-14","Comedy Drama Romance"
"7","Absolutely Fabulous",8.28333333333333,8.51666666666667,355,1992-11-12,1994-01-27,441,6,"TRUE",45,"TV-14","Comedy"
"8","Abstract: The Art of Design",7.9375,7.86666666666667,365,2017-02-10,2019-09-25,957,8,"TRUE",45,"TV-14","Documentary"
"9","Accused",7.71666666666667,8.1,183.666666666667,2010-11-15,2012-08-14,638,6,"TRUE",60,"TV-14","Crime Drama Mystery"
"10","Age of Youth",8.28333333333333,8.34285714285714,13.3333333333333,2016-07-22,2017-08-25,399,12,"FALSE",60,"TV-14","Comedy Drama Romance"
"11","Agents of S.H.I.E.L.D.",8.15909090909091,8.49545454545455,4093.68181818182,2013-09-24,2014-09-23,364,22,"MISSING",45,"TV-PG","Action Adventure Drama Sci-Fi Thriller"
"12","Ajin",7.59333333333333,7.64285714285714,109.4,2016-01-16,2016-10-08,266,15,"FALSE",24,"TV-MA","Animation Action Adventure Drama Fantasy Horror Mystery Sci-Fi Thriller"
"13","Alaskan Bush People",7.74,7.62222222222222,32,2014-05-06,2014-12-19,227,5,"TRUE",42,"TV-PG","Reality-TV"
"15","Are You the One?",7.40833333333333,6.70909090909091,33.5833333333333,2014-01-21,2014-10-06,258,12,"TRUE",41,"TV-14","Reality-TV"
"16","Avengers Assemble",7.39615384615385,7.85,165.923076923077,2013-05-26,2014-09-28,490,26,"TRUE",23,"TV-Y7","Animation Action Adventure Sci-Fi"
"17","Awkward.",7.70833333333333,7.58333333333333,264.75,2011-07-19,2012-06-28,345,12,"TRUE",22,"TV-14","Comedy Drama Romance"
"18","Babar",6.44615384615385,6.01538461538462,22.8461538461538,1989-01-03,1989-08-21,230,13,"TRUE",30,"TV-Y7","Animation Comedy Drama Family Fantasy"
"19","Ballers",7.92,8.19,1447.8,2015-06-21,2016-07-17,392,10,"TRUE",30,"TV-MA","Comedy Drama Sport"
"20","Banacek",7.73333333333333,7.85,153.888888888889,1972-03-20,1973-10-03,562,9,"TRUE",90,"TV-PG","Crime Drama Mystery"
"21","Bancroft",7.35,7.7,202,2017-12-10,2020-01-01,752,4,"TRUE",45,"TV-14","Crime Drama Mystery Thriller"
"22","Baretta",8.23333333333333,8.65909090909091,56.3333333333333,1975-01-17,1975-09-10,236,12,"TRUE",60,"TV-PG","Crime Drama Mystery Thriller"
"24","Beck",5.975,6.0625,1324.625,1998-04-25,2003-04-27,1828,8,"FALSE",90,"Not Rated","Crime Mystery Thriller"
"25","Being Human",8.05714285714286,7.9875,427.714285714286,2009-01-25,2010-01-10,350,7,"TRUE",60,"TV-14","Comedy Drama Fantasy Horror"
"26","Ben 10: Ultimate Alien",8.6,8.55833333333333,181.05,2010-04-23,2011-02-04,287,20,"TRUE",22,"TV-Y7","Animation Action Adventure Family Sci-Fi"
"27","Benson",7.58333333333333,7.53636363636364,34.125,1979-09-13,1980-10-31,414,24,"TRUE",30,"TV-G","Comedy Family"
"28","Big Little Lies",8.54285714285714,8.44285714285714,4906.42857142857,2017-02-19,2019-06-09,840,7,"TRUE",60,"TV-MA","Crime Drama Mystery"
"29","Big Time Rush",8.53684210526316,8.66785714285714,113.105263157895,2009-11-28,2011-11-12,714,19,"TRUE",25,"TV-G","Comedy Family Musical"
"30","Bless This Mess",7.36666666666667,7.715,172.5,2019-04-16,2019-09-24,161,6,"TRUE",30,"TV-PG","Comedy"
"31","Blown Away",6.69,5.78,83.6,2019-07-12,2021-01-22,560,10,"TRUE",23,"TV-PG","Reality-TV"
"32","Bluestone 42",7.375,8,28.375,2013-03-05,2013-12-26,296,8,"TRUE",30,"TV-14","Comedy War"
"33","Blunt Talk",7.95,7.95,161.4,2015-08-22,2016-10-02,407,10,"TRUE",30,"TV-MA","Comedy"
"35","Braquo",7.6875,7.575,94,2009-10-12,2011-11-21,770,8,"FALSE",52,"TV-14","Crime Thriller"
"36","Brockmire",7.875,7.725,197.125,2017-04-05,2018-04-25,385,8,"TRUE",30,"TV-MA","Comedy Drama Sport"
"37","Cagney &amp; Lacey",7.31428571428571,7.73636363636364,73.7142857142857,1981-10-08,1982-10-25,382,7,"TRUE",60,"TV-PG","Crime Drama Mystery Thriller"
"38","Cake Boss",7.60769230769231,7.69473684210526,16.8461538461538,2009-04-19,2009-10-26,190,13,"TRUE",30,"TV-PG","Family Reality-TV"
"39","California Dreams",7.83846153846154,8.47222222222222,17.0769230769231,1992-09-12,1993-09-11,364,13,"TRUE",30,"TV-Y7","Comedy Family Music"
"40","Car Masters: Rust to Riches",8.525,8.6875,114.875,2018-09-14,2020-03-27,560,8,"MISSING",40,"TV-PG","Reality-TV"
"41","Cardcaptor Sakura",7.42571428571429,7.72727272727273,48.5142857142857,1998-04-07,1999-04-06,364,35,"FALSE",30,"TV-Y7-FV","Animation Action Adventure Comedy Drama Fantasy Romance"
"42","Cardinal",7.95,7.8,370,2017-06-16,2018-01-04,202,6,"TRUE",42,"TV-MA","Crime Drama Mystery Thriller"
"43","Carmen Sandiego",8.12222222222222,8.01,221,2019-01-18,2019-10-01,256,9,"TRUE",22,"TV-Y7-FV","Animation Action Adventure Family Mystery Thriller"
"44","Chance",8.49,8.83,384.9,2016-10-19,2017-10-11,357,10,"TRUE",60,"TV-MA","Drama Mystery Thriller"
"45","Cheyenne",8.13333333333333,8.325,107.666666666667,1955-09-20,1956-09-11,357,15,"TRUE",60,"TV-G","Western"
"46","Con Man",8.46923076923077,7.6,92.4615384615385,2015-09-30,2016-12-08,435,13,"TRUE",12,"TV-14","Comedy"
"47","Coroner",7.3875,7.6,218.75,2020-08-05,2020-10-07,63,8,"TRUE",60,"TV-MA","Crime Drama Mystery"
"48","Corporate",7.98,8.42,134.3,2018-01-17,2019-01-15,363,10,"TRUE",30,"TV-14","Comedy"
"49","Cory in the House",7.14285714285714,6.73846153846154,37.8095238095238,2007-01-12,2007-11-17,309,21,"TRUE",22,"TV-G","Comedy Family"
"50","Cracker",8.24285714285714,8.73333333333333,284,1993-09-27,1994-10-10,378,7,"TRUE",100,"TV-MA","Crime Drama Mystery"
"51","Crazy Ex-Girlfriend",8.2,8.26153846153846,416.555555555556,2015-10-12,2016-10-21,375,18,"TRUE",42,"TV-14","Comedy Musical"
"52","Cybill",7.63846153846154,7.575,80.7692307692308,1995-01-02,1995-09-17,258,13,"TRUE",30,"TV-PG","Comedy"
"54","Dead Like Me",7.95714285714286,8.18666666666667,430,2003-06-27,2004-07-25,394,14,"TRUE",60,"TV-14","Comedy Drama Fantasy"
"55","Designated Survivor",7.7952380952381,7.23181818181818,1698.57142857143,2016-09-21,2017-09-27,371,21,"TRUE",60,"TV-14","Action Drama Mystery Thriller"
"56","Destination Truth",7.45,7.83076923076923,28.8333333333333,2007-06-06,2008-03-12,280,6,"TRUE",60,"TV-14","Reality-TV"
"57","Dexter",8.83333333333333,8.85833333333333,5983.91666666667,2006-10-01,2007-09-30,364,12,"TRUE",53,"TV-MA","Crime Drama Mystery Thriller"
"59","Dirty Sanchez",7.0875,7.375,10.875,2003-05-23,2004-08-18,453,8,"TRUE",30,"TV-MA","Action Comedy Reality-TV"
"60","Doug",8.28461538461539,8.37692307692308,78.8461538461538,1991-08-11,1992-09-13,399,13,"TRUE",30,"TV-Y7","Animation Adventure Comedy Drama Family Fantasy"
"61","Dr. Katz, Professional Therapist",8.06666666666667,7.76153846153846,44.5,1995-05-28,1995-10-15,140,6,"TRUE",30,"TV-G","Animation Comedy"
"62","Duncanville",6.6,6.85,98.0909090909091,2020-02-16,2021-05-23,462,11,"TRUE",22,"TV-14","Animation Comedy"
"64","Every Witch Way",6.32380952380952,6.00833333333333,28.047619047619,2014-01-01,2014-07-07,187,21,"TRUE",23,"TV-G","Comedy Drama Family Fantasy Romance"
"65","Everything's Gonna Be Okay",7.42,7.53,92.8,2020-01-16,2021-04-08,448,10,"TRUE",30,"TV-14","Comedy"
"66","Face Off",7.95,8.14,45.75,2011-01-26,2012-01-11,350,8,"TRUE",44,"TV-PG","Game-Show Reality-TV"
"67","Fact or Faked: Paranormal Files",6.55,7.77083333333333,26.3333333333333,2010-07-15,2011-03-23,251,12,"TRUE",47,"Open","Documentary Sci-Fi"
"68","Falling Skies",7.4,7.93,907.7,2011-06-19,2012-06-17,364,10,"TRUE",42,"TV-14","Action Adventure Drama Sci-Fi Thriller"
"69","Fanboy &amp; Chum Chum",4.95,5.16153846153846,27.6538461538462,2009-10-12,2011-04-25,560,26,"TRUE",24,"TV-Y7","Animation Short Action Adventure Comedy Family Fantasy Sci-Fi"
"70","Father Brown",7.53,7.67,340,2013-01-14,2014-01-06,357,10,"TRUE",52,"TV-PG","Crime Drama Mystery"
"71","Finding Bigfoot",7.14285714285714,7.44,13.8571428571429,2011-05-30,2011-10-30,153,7,"TRUE",45,"TV-PG","Documentary Drama Thriller"
"72","Flack",7.56666666666667,8.13333333333333,173.166666666667,2019-02-21,2021-06-11,841,6,"TRUE",60,"TV-14","Comedy Drama"
"73","Forever Knight",7.76818181818182,7.80769230769231,39.8181818181818,1992-05-05,1994-09-12,860,22,"TRUE",60,"Not Rated","Crime Drama Horror Mystery"
"74","Forh√∏ret",6.9125,5.75,75.5,2019-11-15,2021-08-29,653,8,"FALSE",30,"TV-MA","Crime Drama Mystery Thriller"
"75","Full Frontal with Samantha Bee",6.41538461538462,6.20645161290323,75.4358974358974,2016-02-08,2017-02-15,373,39,"TRUE",21,"TV-MA","Comedy News Talk-Show"
"76","Fuller House",7.41538461538462,7.56153846153846,614,2016-02-26,2016-12-09,287,13,"TRUE",30,"TV-G","Comedy Family"
"77","Futurama",8.17777777777778,7.97,2846.77777777778,1999-03-28,1999-09-26,182,9,"TRUE",22,"TV-14","Animation Comedy Sci-Fi"
"79","Gate",7.15,7.55,34.6666666666667,2015-07-04,2016-01-09,189,12,"FALSE",24,"TV-14","Animation Action Adventure Fantasy"
"80","Getting On",8,8.25,123.166666666667,2013-11-24,2014-11-09,350,6,"TRUE",30,"TV-MA","Comedy"
"83","Giruti kuraun: Guilty Crown",7.64347826086957,6.1,61.7826086956522,2012-01-03,2012-07-26,205,23,"FALSE",23,"TV-14","Animation Action Romance Sci-Fi"
"84","Gold Rush",7.08181818181818,7.33636363636364,51.1818181818182,2010-12-03,2011-10-28,329,11,"TRUE",45,"TV-14","Reality-TV"
"86","Grace Under Fire",7.59545454545455,7.47307692307692,65.3181818181818,1993-09-29,1994-09-20,356,22,"TRUE",30,"TV-PG","Comedy Romance"
"87","H2O: Just Add Water",8.15384615384615,8.47692307692308,133.769230769231,2006-07-07,2007-09-28,448,26,"TRUE",23,"TV-PG","Drama Family Fantasy"
"88","Half &amp; Half",7.28260869565217,7.79583333333333,18.2608695652174,2002-09-23,2003-09-15,357,23,"TRUE",30,"TV-14","Comedy"
"89","Hard Knocks",8.6,8.4,21.5,2001-08-01,2002-08-07,371,6,"TRUE",55,"TV-MA","Documentary Reality-TV Sport"
"90","Haven",7.63846153846154,7.95384615384615,529,2010-07-09,2011-07-15,371,13,"TRUE",60,"TV-PG","Crime Drama Fantasy Horror Mystery Sci-Fi Thriller"
"91","Hex",6.98,7.45384615384615,89.4,2006-06-08,2006-07-13,35,5,"TRUE",105,"TV-14","Comedy Drama Fantasy Horror Romance"
"92","Highlander",7.64545454545455,7.83181818181818,205.863636363636,1992-10-03,1993-09-27,359,22,"TRUE",60,"TV-14","Action Adventure Fantasy Mystery Romance Sci-Fi"
"93","Hoarders",6.75714285714286,6.88666666666667,27,2009-08-17,2009-11-30,105,7,"TRUE",44,"TV-14","Documentary"
"94","How to Make It in America",7.475,7.8625,141,2010-02-14,2011-10-02,595,8,"TRUE",30,"TV-MA","Comedy Drama"
"96","Hulk and the Agents of S.M.A.S.H.",7.00769230769231,7.05769230769231,78.2692307692308,2013-08-11,2014-10-12,427,26,"TRUE",23,"TV-Y7","Animation Action Adventure Comedy Sci-Fi"
"97","I Am Weasel",6.67692307692308,6.53076923076923,29,1997-07-15,1998-01-13,182,13,"TRUE",30,"TV-G","Animation Short Adventure Comedy Family"
"98","I Didn't Do It",8.04,7.93684210526316,33.6,2014-01-17,2015-02-15,394,20,"TRUE",22,"TV-G","Comedy Drama Family"
"99","I'm Dying Up Here",7.78,8,125.4,2017-06-04,2018-05-06,336,10,"TRUE",60,"TV-MA","Comedy Drama"
"100","Indian Summers",7.52,7.59,106.9,2015-09-27,2016-09-11,350,10,"TRUE",52,"TV-14","Drama"
"101","Insecure",7.5375,7.3625,431.75,2016-10-09,2017-07-23,287,8,"TRUE",30,"TV-MA","Comedy Romance"
"102","Inside the World's Toughest Prisons",6.775,7.25,120,2016-04-20,2018-07-06,807,4,"TRUE",47,"TV-MA","Documentary"
"103","Inspector Lewis",7.85,7.9,1089.25,2006-07-30,2008-02-24,574,4,"TRUE",90,"TV-PG","Crime Drama Mystery"
"105","iZombie",8.24615384615385,8.38421052631579,1445.23076923077,2015-03-17,2015-10-06,203,13,"TRUE",42,"TV-14","Comedy Crime Drama Horror"
"106","Jake and the Fatman",7.29090909090909,7.32,36.0454545454545,1987-09-26,1989-03-15,536,22,"TRUE",2,"TV-PG","Crime Drama"
"107","Joe Pera Talks with You",8.91111111111111,8.60769230769231,117.111111111111,2018-05-20,2019-12-06,565,9,"TRUE",11,"TV-PG","Comedy"
"108","Kid vs. Kat",8.11923076923077,8.51153846153846,10.1153846153846,2009-02-13,2010-09-11,575,26,"TRUE",22,"TV-Y7","Animation Action Adventure Comedy Family Fantasy Sci-Fi Thriller"
"110","Lab Rats: Bionic Island",7.165,7.67692307692308,51.95,2012-02-27,2013-02-25,364,20,"TRUE",22,"TV-Y7","Action Comedy Drama Family Sci-Fi"
"112","Less Than Perfect",7.45,7.22916666666667,44.8636363636364,2002-10-01,2003-09-23,357,22,"TRUE",30,"TV-PG","Comedy"
"113","Life Below Zero",7.68,7.63333333333333,21.6,2013-05-19,2013-10-29,163,10,"TRUE",44,"TV-PG","Documentary Adventure Reality-TV"
"114","Log Horizon",7.664,7.084,55.36,2013-10-05,2014-10-04,364,25,"FALSE",25,"TV-PG","Animation Action Adventure Comedy Fantasy Romance Sci-Fi"
"115","Lore",7.21666666666667,6.41666666666667,462.833333333333,2017-10-13,2018-10-19,371,6,"TRUE",40,"TV-14","Documentary Horror Mystery"
"116","Los simuladores",8.53076923076923,8.44545454545455,118.384615384615,2002-03-21,2003-05-26,431,13,"FALSE",60,"TV-PG","Adventure Comedy Mystery"
"118","Magi: The Labyrinth of Magic",7.684,7.796,24.16,2012-10-07,2013-10-06,364,25,"FALSE",25,"TV-14","Animation Action Adventure Comedy Fantasy"
"119","Man with a Plan",7.58181818181818,7.82380952380952,246.772727272727,2016-10-24,2017-11-13,385,22,"TRUE",30,"TV-PG","Comedy"
"121","Married at First Sight",6.93846153846154,6.55625,15.6923076923077,2014-07-08,2015-03-17,252,13,"TRUE",83,"TV-14","Reality-TV"
"122","Master of None",8.34,8.77,1898.2,2015-11-06,2017-05-12,553,10,"TRUE",30,"TV-MA","Comedy Drama"
"124","Mayans M.C.",8.09,8.35,645.3,2018-09-04,2019-09-03,364,10,"TRUE",60,"TV-MA","Crime Drama Thriller"
"125","McLeod's Daughters",7.84545454545455,8.26818181818182,64.2727272727273,2001-08-08,2002-03-27,231,22,"TRUE",45,"TV-14","Drama Romance"
"126","Medium",8.0125,8.05,262.5625,2005-01-03,2005-09-19,259,16,"TRUE",60,"TV-14","Crime Drama Fantasy Mystery Thriller"
"127","Melissa &amp; Joey",7.12333333333333,7.36,125.266666666667,2010-08-17,2012-05-30,652,30,"TRUE",30,"TV-14","Comedy Romance"
"128","Melrose Place",7.4,7.93548387096774,89.6875,1992-07-08,1993-09-08,427,32,"TRUE",60,"TV-14","Drama Romance"
"130","Men in Black: The Series",6.78461538461538,6.91538461538462,32.3846153846154,1997-10-11,1998-09-19,343,13,"TRUE",25,"TV-Y7","Animation Action Comedy Family Mystery Sci-Fi"
"133","Miracle Workers",7.34285714285714,7.27,540.571428571429,2019-02-08,2020-01-28,354,7,"TRUE",22,"TV-14","Comedy Drama Fantasy Romance"
"134","Miss Fisher's Murder Mysteries",7.81538461538462,7.93846153846154,437.153846153846,2012-02-24,2013-09-06,560,13,"TRUE",60,"TV-PG","Crime Drama Mystery"
"135","Motherland",7.57142857142857,7.86666666666667,109.142857142857,2017-11-07,2019-10-07,699,7,"TRUE",30,"TV-MA","Comedy"
"137","Mr. Iglesias",7.57,7.41428571428571,187.6,2019-06-21,2020-06-17,362,10,"TRUE",30,"TV-14","Comedy"
"138","Mr. Robot",8.83,8.74166666666667,10402.6,2015-06-24,2016-07-10,382,10,"TRUE",49,"TV-MA","Crime Drama Thriller"
"139","Murder in the First",7.89,7.9,192.7,2014-06-09,2015-06-08,364,10,"TRUE",42,"TV-MA","Crime Drama Mystery"
"140","Night Gallery",7.31428571428571,7.42608695652174,645.571428571429,1969-11-08,1971-09-15,676,7,"TRUE",50,"TV-PG","Drama Fantasy Horror Mystery Sci-Fi Thriller"
"141","Nirvanna the Band the Show",9.075,9.0875,90.25,2017-02-02,2017-12-08,309,8,"TRUE",22,"TV-MA","Comedy"
"142","Nisekoi",7.75,7.59166666666667,52.05,2014-01-11,2015-04-10,454,20,"FALSE",25,"TV-PG","Animation Comedy Romance"
"145","OK K.O.! Let's Be Heroes",7.93461538461538,7.44054054054054,47.2307692307692,2017-06-13,2018-05-04,325,52,"TRUE",11,"TV-Y7-FV","Animation Short Action Adventure Comedy Family Fantasy Sci-Fi"
"146","Once Upon a Time",8.34090909090909,8.26818181818182,2281.68181818182,2011-10-23,2012-09-30,343,22,"TRUE",60,"TV-PG","Adventure Fantasy Romance"
"147","One Tree Hill",8.42727272727273,8.39130434782609,426.681818181818,2003-09-23,2004-09-21,364,22,"TRUE",60,"TV-14","Drama Romance Sport"
"149","Our Cartoon President",6.05,6.25,103.777777777778,2018-02-11,2019-05-12,455,18,"TRUE",30,"TV-14","Animation Adventure Comedy"
"150","Outrageous Fortune",8.21538461538461,8.31176470588235,25.8461538461538,2005-07-12,2006-08-05,389,13,"TRUE",45,"TV-MA","Comedy Crime Drama"
"151","Permanent Roommates",8.82,7.9625,365.2,2014-10-29,2016-02-14,473,5,"TRUE",21,"TV-PG","Comedy Romance"
"152","Phineas and Ferb",8.23461538461538,8.26052631578947,284.884615384615,2007-08-17,2009-02-19,552,26,"TRUE",15,"TV-G","Animation Action Comedy Family Musical Sci-Fi"
"153","Playing House",8.05,8.4875,71.9,2014-04-29,2015-08-04,462,10,"TRUE",30,"TV-14","Comedy"
"154","Poltergeist: The Legacy",6.99047619047619,7.55454545454545,42.0476190476191,1996-04-21,1997-03-09,322,21,"TRUE",60,"Rated R for terror violence and a scene of sexuality","Drama Fantasy Horror Mystery Sci-Fi Thriller"
"155","Porridge",8.05,8.3625,139.666666666667,1974-09-05,1975-10-24,414,6,"TRUE",45,"TV-14","Comedy Crime"
"156","Power Rangers Megaforce",6.86818181818182,7.255,40.4090909090909,2013-02-02,2014-02-15,378,22,"TRUE",24,"TV-Y7","Action Adventure Family Fantasy Sci-Fi"
"157","Punky Brewster",7.81363636363636,8.03181818181818,40,1984-09-16,1985-09-15,364,22,"MISSING",30,"TV-G","Comedy Family"
"158","Quick Draw McGraw",6.65769230769231,6.57692307692308,17.3846153846154,1959-09-28,1960-09-10,348,26,"TRUE",30,"TV-G","Animation Comedy Family Western"
"159","Quincy M.E.",7.475,7.36153846153846,136.75,1976-10-03,1977-02-04,124,4,"TRUE",60,"TV-PG","Crime Drama Mystery Thriller"
"160","Ransom",7.60769230769231,7.88461538461538,138.384615384615,2017-01-01,2018-04-07,461,13,"TRUE",44,"TV-14","Action Crime Drama"
"161","Republic of Doyle",7.66923076923077,7.61538461538461,85.6153846153846,2010-08-19,2011-01-12,146,13,"TRUE",60,"TV-14","Comedy Crime Drama"
"162","Review",8.34444444444444,8.6,169.888888888889,2014-03-06,2015-07-30,511,9,"TRUE",30,"TV-14","Comedy"
"163","Rosemary &amp; Thyme",7.76666666666667,7.9125,188.666666666667,2003-08-30,2004-10-03,400,6,"TRUE",48,"TV-PG","Crime Drama Mystery"
"164","RuPaul's Drag Race UK",7.96,8.3,209.5,2019-09-03,2020-12-16,470,10,"MISSING",60,"TV-14","Game-Show Reality-TV"
"165","RWBY",7.825,8.61666666666667,207.1875,2013-07-18,2014-07-24,371,16,"TRUE",13,"TV-PG","Animation Action Adventure Comedy Drama Fantasy Sci-Fi Thriller"
"166","Sabrina the Teenage Witch",7.75,7.70384615384615,298.083333333333,1996-09-27,1997-09-26,364,24,"TRUE",22,"TV-G","Comedy Family Fantasy"
"167","Sapphire &amp; Steel",7.75,7.36,80,1979-07-10,1981-01-06,546,14,"TRUE",30,"TV-PG","Mystery Sci-Fi Thriller"
"168","Saved by the Bell: The New Class",6.63076923076923,5.56923076923077,19.1538461538462,1993-09-11,1994-09-10,364,13,"TRUE",30,"TV-PG","Comedy Family"
"169","Scooby-Doo and Scrappy-Doo",7.425,6.89285714285714,70,1979-09-22,1980-11-01,406,16,"TRUE",30,"TV-G","Animation Adventure Comedy Crime Family Mystery"
"170","Selena: The Series",7.56666666666667,8.63333333333333,152.111111111111,2020-12-04,2021-05-04,151,9,"TRUE",40,"TV-PG","Biography Drama Music"
"171","Shark",7.95,7.7625,185.272727272727,2006-09-21,2007-09-23,367,22,"TRUE",60,"TV-14","Crime Drama Mystery"
"172","Sherlock",8.75,9.2,23424.75,2011-06-05,2012-05-06,336,4,"TRUE",88,"TV-14","Crime Drama Mystery Thriller"
"173","Silver Spoons",7.99090909090909,8.20909090909091,64.9090909090909,1982-09-25,1983-10-15,385,22,"TRUE",30,"TV-G","Comedy Family"
"174","Single Parents",7.40434782608696,7.57727272727273,166.739130434783,2018-09-26,2019-09-25,364,23,"TRUE",30,"TV-PG","Comedy"
"175","Sirens",7.69,7.74615384615385,97.8,2014-03-06,2015-01-27,327,10,"TRUE",22,"TV-14","Comedy Family Romance"
"176","Small Wonder",7.7375,7.94166666666667,23.0833333333333,1985-09-07,1986-09-13,371,24,"MISSING",30,"TV-G","Comedy Family Sci-Fi"
"177","Snowfall",7.73636363636364,8.1,322.545454545455,2017-07-05,2018-07-19,379,11,"TRUE",44,"TV-MA","Crime Drama"
"178","So Weird",7.75384615384615,7.69615384615385,27.2307692307692,1999-01-18,1999-08-27,221,13,"TRUE",30,"TV-Y7","Adventure Family Mystery Thriller"
"179","Sofia the First",7.684,7.96785714285714,89.8,2012-11-18,2014-03-07,474,25,"TRUE",22,"TV-Y","Animation Adventure Family Fantasy Musical"
"180","Somebody Feed Phil",7.73333333333333,7.95,145.833333333333,2018-01-12,2018-07-06,175,6,"TRUE",60,"TV-14","Documentary"
"181","Sonic X",7.41086956521739,7.5,34.9565217391304,2003-04-06,2004-02-22,322,46,"TRUE",30,"TV-Y7","Animation Action Adventure Comedy Family Fantasy Sci-Fi"
"182","Spider-Man",6.6,6.88846153846154,95.6538461538462,2017-07-29,2018-06-18,324,26,"TRUE",44,"TV-Y7","Animation Action Adventure Family Sci-Fi"
"183","Star",7.2,8.07222222222222,96.5,2016-12-14,2017-09-27,287,12,"TRUE",42,"TV-14","Drama Music Musical"
"184","Star Wars: The Clone Wars",7.45,7.78181818181818,2810.22727272727,2008-10-03,2009-10-02,364,22,"TRUE",23,"TV-PG","Animation Action Adventure Drama Fantasy Sci-Fi"
"185","Stargirl",8.2,8.04615384615385,1198.53846153846,2020-05-18,2021-08-10,449,13,"TRUE",9,"TV-PG","Action Adventure Crime Drama Fantasy Sci-Fi"
"187","Still Standing",7.6,7.57826086956522,166.681818181818,2002-09-30,2003-09-22,357,22,"TRUE",30,"TV-PG","Comedy Romance"
"188","Stromberg",7.95,8.08,147,2004-10-11,2005-09-11,335,8,"FALSE",25,"TV-14","Comedy"
"189","Sue Thomas: F.B.Eye",8.47777777777778,8.63157894736842,43.6111111111111,2002-10-13,2003-10-05,357,18,"TRUE",60,"TV-PG","Crime Drama Mystery Thriller"
"190","Superior Donuts",6.98461538461538,7.08571428571429,109.615384615385,2017-02-02,2017-10-30,270,13,"TRUE",21,"TV-PG","Comedy"
"192","Survivor's Remorse",8.18333333333333,8.06,56.3333333333333,2014-10-04,2015-08-22,322,6,"TRUE",30,"TV-MA","Comedy Drama Sport"
"193","Sword Art Online",7.636,7.472,523.4,2012-07-08,2014-10-11,825,25,"FALSE",24,"TV-14","Animation Action Adventure Fantasy Romance Sci-Fi Thriller"
"194","Talking Dead",8.10714285714286,8.01764705882353,61.1428571428571,2011-10-16,2012-07-08,266,14,"TRUE",44,"TV-14","Talk-Show"
"195","Teachers",6.22,6.185,87,2016-01-13,2017-01-17,370,10,"TRUE",30,"TV-14","Comedy"
"196","Teen Titans Go!",5.48679245283019,5.14807692307692,191.433962264151,2013-04-23,2014-06-12,415,53,"TRUE",10,"TV-PG","Animation Action Adventure Comedy Family Sci-Fi"
"197","The A Word",7.96666666666667,7.93333333333333,86.3333333333333,2016-07-13,2017-11-07,482,6,"TRUE",60,"TV-MA","Drama"
"199","The Arrangement",7.8,8.05,85.4,2017-03-05,2018-03-11,371,10,"TRUE",60,"TV-14","Drama"
"200","The Avengers: Earth's Mightiest Heroes",8.19615384615385,8.36538461538461,319.346153846154,2010-09-22,2012-04-01,557,26,"TRUE",30,"TV-Y7","Animation Action Adventure Family Sci-Fi"
"201","The Bill",6.95454545454546,7.10833333333333,46.2727272727273,1984-10-16,1985-11-11,391,11,"TRUE",50,"TV-14","Crime Drama"
"202","The Bletchley Circle",8,7.825,466.666666666667,2012-09-06,2014-04-13,584,3,"TRUE",45,"TV-14","Crime Drama Mystery Thriller"
"203","The Catherine Tate Show",7.06666666666667,7.52857142857143,52.3333333333333,2004-02-16,2005-07-21,521,6,"TRUE",30,"TV-MA","Comedy"
"204","The Circle",7.60833333333333,7.49230769230769,170.75,2020-01-01,2021-04-14,469,12,"TRUE",48,"TV-MA","Game-Show Reality-TV"
"205","The Closer",8.34615384615385,8.41333333333333,431.769230769231,2005-06-13,2006-06-12,364,13,"TRUE",46,"TV-14","Crime Drama Mystery"
"206","The Confession Tapes",7.61428571428571,7.475,241.714285714286,2017-09-08,2019-06-21,651,7,"TRUE",46,"TV-MA","Documentary Crime"
"209","The Detour",7.98,7.73333333333333,216.1,2016-04-11,2017-02-21,316,10,"TRUE",30,"TV-MA","Adventure Comedy"
"210","The Doctor Blake Mysteries",8.03,8.37,184.9,2013-11-24,2014-02-07,75,10,"TRUE",57,"TV-14","Crime Drama Mystery"
"211","The Dragon Prince",8.16666666666667,8.38888888888889,599.666666666667,2018-09-14,2019-02-15,154,9,"TRUE",26,"TV-Y7","Animation Adventure Drama Family Fantasy Thriller"
"212","The Exes",7.46,7.90833333333333,91.2,2011-11-30,2012-06-20,203,10,"TRUE",30,"TV-PG","Comedy"
"213","The Exorcist",8.32,8.22,1314.5,2016-09-23,2017-09-29,371,10,"TRUE",45,"TV-14","Drama Horror Mystery Thriller"
"214","The Flying Nun",6.81666666666667,6.81923076923077,26.0666666666667,1967-09-07,1968-09-26,385,30,"TRUE",30,"TV-G","Comedy"
"215","The Forsyte Saga",8.43333333333333,8.05,66.1666666666667,2002-04-07,2003-05-25,413,6,"TRUE",4,"TV-PG","Drama Romance"
"216","The Game",7.13181818181818,6.99,24.7272727272727,2006-10-01,2007-10-01,365,22,"TRUE",21,"TV-14","Comedy Drama Romance Sport"
"217","The Guest Book",7.44,6.72,126.5,2017-08-03,2018-10-23,446,10,"MISSING",30,"TV-MA","Comedy"
"218","The Handmaid's Tale",8.43,8.50769230769231,4650.8,2017-04-26,2018-04-25,364,10,"TRUE",60,"TV-MA","Drama Sci-Fi Thriller"
"219","The Jetsons",7.075,6.8780487804878,128.583333333333,1962-09-23,1985-09-16,8394,24,"TRUE",25,"TV-Y7","Animation Comedy Family Sci-Fi"
"220","The Joy of Painting",9.4,9.40769230769231,39.7692307692308,1983-01-11,1983-08-31,232,13,"TRUE",30,"TV-G","Documentary Family"
"222","The Loud House",8.60769230769231,8.53461538461539,153.5,2016-05-02,2016-11-09,191,26,"TRUE",22,"TV-Y7","Animation Adventure Comedy Family"
"223","The Many Loves of Dobie Gillis",7.6275,7.725,33.575,1959-01-01,1960-09-27,635,40,"TRUE",30,"TV-Y7","Comedy Family"
"224","The Mary Tyler Moore Show",7.69583333333333,7.6875,194.166666666667,1970-09-19,1971-09-18,364,24,"MISSING",30,"TV-PG","Comedy"
"226","The Ministry of Time",8.0375,8.03076923076923,240,2017-01-01,2016-02-15,-321,8,"FALSE",70,"TV-MA","Adventure Comedy Fantasy Sci-Fi"
"227","The Neighborhood",7.3,7.5,189.428571428571,2018-10-01,2019-09-23,357,21,"TRUE",30,"TV-PG","Comedy"
"228","The New Scooby-Doo Movies",7.675,7.575,146.625,1972-09-09,1973-09-08,364,16,"TRUE",83,"TV-G","Animation Comedy Family Mystery"
"229","The Next Step",7.93666666666667,8.28529411764706,29.5666666666667,2013-03-08,2014-03-07,364,30,"TRUE",30,"TV-G","Drama Family Romance"
"230","The Osbournes",7.24,6.72272727272727,40.9,2002-03-05,2002-11-05,245,10,"TRUE",22,"TV-MA","Comedy Music Reality-TV"
"231","The Other Two",8.12,8.62,191.8,2019-01-24,2021-08-26,945,10,"TRUE",30,"TV-MA","Comedy"
"232","The Parkers",7.16818181818182,6.83181818181818,19.9545454545455,1999-08-30,2000-09-04,371,22,"TRUE",20,"TV-PG","Comedy"
"233","The Pretender",8.05,8.25,140.363636363636,1996-09-19,1997-11-01,408,22,"TRUE",60,"TV-14","Drama Mystery Sci-Fi"
"235","The Split",7.73333333333333,7.88333333333333,188.166666666667,2018-05-23,2020-02-11,629,6,"TRUE",60,"TV-MA","Drama"
"236","The Strain",8.00769230769231,7.89230769230769,1705,2014-07-13,2015-07-12,364,13,"TRUE",43,"TV-MA","Drama Fantasy Horror Thriller"
"237","The Sylvester &amp; Tweety Mysteries",7.18461538461538,7.1,21.2307692307692,1995-09-09,1996-11-02,420,13,"TRUE",30,"TV-G","Animation Adventure Comedy Crime Family Mystery"
"238","The Twilight Zone",7.69722222222222,7.57241379310345,3494.02777777778,1959-10-02,1960-09-30,364,36,"MISSING",51,"TV-PG","Drama Fantasy Horror Mystery Sci-Fi Thriller"
"239","The Ultimate Fighter",6.67692307692308,5.83846153846154,20.6153846153846,2005-01-17,2005-08-22,217,13,"TRUE",60,"TV-14","Action Reality-TV Sport"
"240","The Village",8.26666666666667,8.48333333333333,47.1666666666667,2013-03-30,2014-08-10,498,6,"TRUE",60,"TV-14","Drama"
"241","The Wild Wild West",7.54642857142857,7.68928571428571,172.107142857143,1965-09-17,1966-09-16,364,28,"MISSING",50,"TV-PG","Action Adventure Western"
"242","Third Watch",8.29090909090909,8.38181818181818,75.1363636363636,1999-09-23,2000-10-02,375,22,"TRUE",44,"TV-14","Action Crime Drama"
"243","Tim and Eric's Bedtime Stories",7.83,7.65,103.4,2013-10-31,2017-09-10,1410,10,"TRUE",11,"TV-14","Comedy Horror"
"244","Touch",7.95,7.86428571428571,583.416666666667,2012-01-25,2012-09-14,233,12,"TRUE",43,"TV-PG","Drama Mystery Sci-Fi"
"245","Trial &amp; Error",8.3,8.16,235.384615384615,2017-03-14,2018-07-19,492,13,"TRUE",22,"TV-PG","Comedy Crime Mystery"
"246","Tuca &amp; Bertie",7.69,8.01,297.2,2019-05-03,2021-06-13,772,10,"TRUE",26,"TV-MA","Animation Comedy"
"247","Ugly Americans",7.47142857142857,7.62352941176471,94,2010-03-17,2011-06-30,470,14,"TRUE",30,"TV-14","Animation Comedy Fantasy Horror"
"248","Ugly Betty",7.9,7.58888888888889,250.695652173913,2006-09-28,2007-09-27,364,23,"TRUE",60,"TV-PG","Comedy Drama Romance"
"250","Ultimate Beastmaster",7.46,7.45,76.1,2017-02-24,2017-12-15,294,10,"TRUE",55,"TV-Y7","Game-Show Reality-TV"
"253","W.I.T.C.H.",7.22307692307692,7.12692307692308,53.4230769230769,2005-01-15,2006-06-05,506,26,"TRUE",30,"TV-Y7","Animation Action Adventure Comedy Drama Family Fantasy Thriller"
"254","Wagon Train",8.12307692307692,8.25526315789474,67.9487179487179,1957-09-18,1958-10-01,378,39,"TRUE",75,"TV-PG","Western"
"255","Wanted: Dead or Alive",7.78333333333333,7.815625,109.388888888889,1958-09-06,1959-09-05,364,36,"TRUE",30,"TV-PG","Western"
"256","Westworld",8.94,8.46,17790.9,2016-10-02,2018-04-22,567,10,"TRUE",62,"TV-MA","Drama Mystery Sci-Fi"
"257","What's Happening!!",7.74761904761905,7.63636363636364,42.9523809523809,1976-08-05,1977-09-22,413,21,"TRUE",24,"Not Rated","Comedy"
"258","Winx Club",7.77307692307692,8.04230769230769,36.3461538461538,2004-06-19,2005-09-10,448,26,"TRUE",25,"TV-Y7","Animation Action Adventure Comedy Family Fantasy Thriller"
"259","Witches of East End",7.98,7.90769230769231,344.9,2013-10-06,2014-07-06,273,10,"TRUE",60,"TV-14","Drama Fantasy Horror Mystery"
"260","Yes, Dear",6.93333333333333,6.87916666666667,25.2083333333333,2000-10-02,2001-09-24,357,24,"TRUE",30,"TV-PG","Comedy"
"261","You",8.08,8.33,3470.7,2018-09-09,2019-12-26,473,10,"TRUE",45,"TV-MA","Crime Drama Romance Thriller"
